1,Ietsam ellahi,ietsam@gmail.com,password1,0421234567,1
2,Fatima Khan,fatimakhan@gmail.com,password456,0422345678,1
3,Ahmed Ali,ahmedali@gmail.com,password789,0423456789,2
4,Maryam Akhtar,maryamakhtar@gmail.com,password321,0424567890,1
5,Usman Hussain,usmanhussain@gmail.com,password654,0425678901,1
6,Aisha Qureshi,aishaqureshi@gmail.com,password987,0426789012,2
7,Kamran Abbasi,kamranabbasi@gmail.com,password1234,0427890123,1
8,Saba Iqbal,sabaiqbal@gmail.com,password567,0428901234,1
9,Farooq Siddiqui,farooqsiddiqui@gmail.com,password890,0429012345,1
10,Nazia Malik,naziamalik@gmail.com,password12345,0420123456,2
11,Zahid Mahmood,zahidmahmood@gmail.com,password1,0421234500,1
12,Sara Ahmed,saraahmed@gmail.com,password456,0422345601,1
13,Jawad Aslam,jawadaslam@gmail.com,password789,0423456702,3
14,Leila Hussain,leilahussain@gmail.com,password321,0424567803,3
15,Raza Ali,razaali@gmail.com,password654,0425678904,1
16,Saima Iqbal,saimaiqbal@gmail.com,password987,0426789005,1
17,Junaid Khan,junaidkhan@gmail.com,password1234,0427890106,1
18,Sophia Mirza,sophiamirza@gmail.com,password567,0428901207,1
19,Irfan Ullah,irfanullah@gmail.com,password890,0429012308,3
20,Hina Altaf,hinaaltaf@gmail.com,password12345,0420123409,3
21,Abdul Rahman,abdbbdii@gmail.com,password123,0420123409,4
22,Fatima Irfan,fatimairfan@gmail.com,password,0420123409,4
